{
  "hash": "f1592539",
  "configHash": "47026da7",
  "lockfileHash": "95eb4535",
  "browserHash": "6d5569d1",
  "optimized": {
    "@angular/common": {
      "src": "../../../../../../node_modules/@angular/common/fesm2022/common.mjs",
      "file": "@angular_common.js",
      "fileHash": "14d43ef1",
      "needsInterop": false
    },
    "@angular/core": {
      "src": "../../../../../../node_modules/@angular/core/fesm2022/core.mjs",
      "file": "@angular_core.js",
      "fileHash": "60d129f6",
      "needsInterop": false
    },
    "@angular/fire/app": {
      "src": "../../../../../../node_modules/@angular/fire/fesm2022/angular-fire-app.mjs",
      "file": "@angular_fire_app.js",
      "fileHash": "5dd285a8",
      "needsInterop": false
    },
    "@angular/fire/auth": {
      "src": "../../../../../../node_modules/@angular/fire/fesm2022/angular-fire-auth.mjs",
      "file": "@angular_fire_auth.js",
      "fileHash": "65bb29ab",
      "needsInterop": false
    },
    "@angular/forms": {
      "src": "../../../../../../node_modules/@angular/forms/fesm2022/forms.mjs",
      "file": "@angular_forms.js",
      "fileHash": "f2c24340",
      "needsInterop": false
    },
    "@angular/platform-browser": {
      "src": "../../../../../../node_modules/@angular/platform-browser/fesm2022/platform-browser.mjs",
      "file": "@angular_platform-browser.js",
      "fileHash": "d8e4a187",
      "needsInterop": false
    },
    "@angular/router": {
      "src": "../../../../../../node_modules/@angular/router/fesm2022/router.mjs",
      "file": "@angular_router.js",
      "fileHash": "47832999",
      "needsInterop": false
    },
    "@ionic/angular": {
      "src": "../../../../../../node_modules/@ionic/angular/fesm2022/ionic-angular.mjs",
      "file": "@ionic_angular.js",
      "fileHash": "1f56a9c8",
      "needsInterop": false
    },
    "@ionic/angular/standalone": {
      "src": "../../../../../../node_modules/@ionic/angular/fesm2022/ionic-angular-standalone.mjs",
      "file": "@ionic_angular_standalone.js",
      "fileHash": "07d70e1d",
      "needsInterop": false
    },
    "zone.js": {
      "src": "../../../../../../node_modules/zone.js/fesm2015/zone.js",
      "file": "zone__js.js",
      "fileHash": "844b3915",
      "needsInterop": true
    },
    "firebase/app": {
      "src": "../../../../../../node_modules/firebase/app/dist/esm/index.esm.js",
      "file": "firebase_app.js",
      "fileHash": "20847cb7",
      "needsInterop": false
    },
    "firebase/auth": {
      "src": "../../../../../../node_modules/firebase/auth/dist/esm/index.esm.js",
      "file": "firebase_auth.js",
      "fileHash": "f58e116b",
      "needsInterop": false
    }
  },
  "chunks": {
    "index7-U3BDTGFD": {
      "file": "index7-U3BDTGFD.js"
    },
    "status-tap-JMWNRI5H": {
      "file": "status-tap-JMWNRI5H.js"
    },
    "input-shims-YHD7WSMW": {
      "file": "input-shims-YHD7WSMW.js"
    },
    "focus-visible-FSBM3LMK": {
      "file": "focus-visible-FSBM3LMK.js"
    },
    "ion-tab-bar_2.entry-DSULFCXY": {
      "file": "ion-tab-bar_2__entry-DSULFCXY.js"
    },
    "ion-tab_2.entry-G3ZDCPXK": {
      "file": "ion-tab_2__entry-G3ZDCPXK.js"
    },
    "ion-text.entry-5VNZUA2X": {
      "file": "ion-text__entry-5VNZUA2X.js"
    },
    "ion-textarea.entry-A7GKBJKT": {
      "file": "ion-textarea__entry-A7GKBJKT.js"
    },
    "ion-toast.entry-MTFCMFAE": {
      "file": "ion-toast__entry-MTFCMFAE.js"
    },
    "ion-toggle.entry-PODIV6P2": {
      "file": "ion-toggle__entry-PODIV6P2.js"
    },
    "swipe-back-U6EZW5WO": {
      "file": "swipe-back-U6EZW5WO.js"
    },
    "keyboard-7RZUA2GX": {
      "file": "keyboard-7RZUA2GX.js"
    },
    "ion-searchbar.entry-QXNISHDH": {
      "file": "ion-searchbar__entry-QXNISHDH.js"
    },
    "ion-segment-content.entry-KNSGTVOD": {
      "file": "ion-segment-content__entry-KNSGTVOD.js"
    },
    "ion-segment-view.entry-G3BL55TA": {
      "file": "ion-segment-view__entry-G3BL55TA.js"
    },
    "ion-segment_2.entry-W5AYPHZN": {
      "file": "ion-segment_2__entry-W5AYPHZN.js"
    },
    "ion-select-modal.entry-FEUOKVWH": {
      "file": "ion-select-modal__entry-FEUOKVWH.js"
    },
    "ion-select_3.entry-ZEKS6OBM": {
      "file": "ion-select_3__entry-ZEKS6OBM.js"
    },
    "ion-spinner.entry-DKSFHNLD": {
      "file": "ion-spinner__entry-DKSFHNLD.js"
    },
    "ion-split-pane.entry-ISHEY7I3": {
      "file": "ion-split-pane__entry-ISHEY7I3.js"
    },
    "ion-popover.entry-OEY27GNY": {
      "file": "ion-popover__entry-OEY27GNY.js"
    },
    "ion-progress-bar.entry-OYMEXSSQ": {
      "file": "ion-progress-bar__entry-OYMEXSSQ.js"
    },
    "ion-radio_2.entry-T4HIW335": {
      "file": "ion-radio_2__entry-T4HIW335.js"
    },
    "chunk-4YTI4ER5": {
      "file": "chunk-4YTI4ER5.js"
    },
    "ion-range.entry-STHKQN3B": {
      "file": "ion-range__entry-STHKQN3B.js"
    },
    "ion-refresher_2.entry-BW63HIOI": {
      "file": "ion-refresher_2__entry-BW63HIOI.js"
    },
    "chunk-EKTWLTWC": {
      "file": "chunk-EKTWLTWC.js"
    },
    "ion-reorder_2.entry-6DXVJGGO": {
      "file": "ion-reorder_2__entry-6DXVJGGO.js"
    },
    "ion-ripple-effect.entry-6BTCFOPO": {
      "file": "ion-ripple-effect__entry-6BTCFOPO.js"
    },
    "ion-route_4.entry-EUJNYDNA": {
      "file": "ion-route_4__entry-EUJNYDNA.js"
    },
    "ion-item_8.entry-TKYVP45F": {
      "file": "ion-item_8__entry-TKYVP45F.js"
    },
    "ion-loading.entry-FMOKGSUW": {
      "file": "ion-loading__entry-FMOKGSUW.js"
    },
    "ion-menu_3.entry-F3X3BBU3": {
      "file": "ion-menu_3__entry-F3X3BBU3.js"
    },
    "ion-modal.entry-EN73I4FT": {
      "file": "ion-modal__entry-EN73I4FT.js"
    },
    "ion-nav_2.entry-5SW7CQPQ": {
      "file": "ion-nav_2__entry-5SW7CQPQ.js"
    },
    "ion-picker-column-option.entry-B6DDP2S7": {
      "file": "ion-picker-column-option__entry-B6DDP2S7.js"
    },
    "ion-picker-column.entry-YF7FKYC5": {
      "file": "ion-picker-column__entry-YF7FKYC5.js"
    },
    "ion-picker.entry-TF5CTKIL": {
      "file": "ion-picker__entry-TF5CTKIL.js"
    },
    "ion-datetime_3.entry-SUOQXBMX": {
      "file": "ion-datetime_3__entry-SUOQXBMX.js"
    },
    "ion-fab_3.entry-MYEBCRYP": {
      "file": "ion-fab_3__entry-MYEBCRYP.js"
    },
    "ion-img.entry-DVSISQW5": {
      "file": "ion-img__entry-DVSISQW5.js"
    },
    "ion-infinite-scroll_2.entry-NDHXJ5RC": {
      "file": "ion-infinite-scroll_2__entry-NDHXJ5RC.js"
    },
    "ion-input-otp.entry-TWQUBLXE": {
      "file": "ion-input-otp__entry-TWQUBLXE.js"
    },
    "ion-input-password-toggle.entry-H3RWAXHB": {
      "file": "ion-input-password-toggle__entry-H3RWAXHB.js"
    },
    "ion-input.entry-HCFOSPDF": {
      "file": "ion-input__entry-HCFOSPDF.js"
    },
    "chunk-BDTLR6M3": {
      "file": "chunk-BDTLR6M3.js"
    },
    "chunk-WXVSDWLO": {
      "file": "chunk-WXVSDWLO.js"
    },
    "ion-item-option_3.entry-GJMVZI6B": {
      "file": "ion-item-option_3__entry-GJMVZI6B.js"
    },
    "chunk-BW7P24PA": {
      "file": "chunk-BW7P24PA.js"
    },
    "ion-backdrop.entry-3C746Z62": {
      "file": "ion-backdrop__entry-3C746Z62.js"
    },
    "ion-breadcrumb_2.entry-KEGLQRXZ": {
      "file": "ion-breadcrumb_2__entry-KEGLQRXZ.js"
    },
    "ion-button_2.entry-Z3YWW3WU": {
      "file": "ion-button_2__entry-Z3YWW3WU.js"
    },
    "ion-card_5.entry-7JXWWTTF": {
      "file": "ion-card_5__entry-7JXWWTTF.js"
    },
    "ion-checkbox.entry-NSVM2X2L": {
      "file": "ion-checkbox__entry-NSVM2X2L.js"
    },
    "ion-chip.entry-XZV7GKET": {
      "file": "ion-chip__entry-XZV7GKET.js"
    },
    "ion-col_3.entry-RALLGKHI": {
      "file": "ion-col_3__entry-RALLGKHI.js"
    },
    "ion-datetime-button.entry-MFRQUTIN": {
      "file": "ion-datetime-button__entry-MFRQUTIN.js"
    },
    "chunk-G5TYBWYS": {
      "file": "chunk-G5TYBWYS.js"
    },
    "status-tap-7t9T91bG-CYFRATAO": {
      "file": "status-tap-7t9T91bG-CYFRATAO.js"
    },
    "input-shims-C3lNp93k-HQGSCRJY": {
      "file": "input-shims-C3lNp93k-HQGSCRJY.js"
    },
    "keyboard-ywgs5efA-MD27MBRJ": {
      "file": "keyboard-ywgs5efA-MD27MBRJ.js"
    },
    "chunk-QGLHSLIO": {
      "file": "chunk-QGLHSLIO.js"
    },
    "focus-visible-BmVRXR1y-O4TZHEDI": {
      "file": "focus-visible-BmVRXR1y-O4TZHEDI.js"
    },
    "chunk-QRN5AHKQ": {
      "file": "chunk-QRN5AHKQ.js"
    },
    "swipe-back-VdaUzLWy-YJ4LDXOM": {
      "file": "swipe-back-VdaUzLWy-YJ4LDXOM.js"
    },
    "ion-app_8.entry-6UUI4WKM": {
      "file": "ion-app_8__entry-6UUI4WKM.js"
    },
    "chunk-T3FA7B2Z": {
      "file": "chunk-T3FA7B2Z.js"
    },
    "chunk-PXKCHNUR": {
      "file": "chunk-PXKCHNUR.js"
    },
    "chunk-UDOB7BMP": {
      "file": "chunk-UDOB7BMP.js"
    },
    "chunk-5NKZUR6M": {
      "file": "chunk-5NKZUR6M.js"
    },
    "ion-avatar_3.entry-X3BQ6L35": {
      "file": "ion-avatar_3__entry-X3BQ6L35.js"
    },
    "ion-back-button.entry-6I4JTPJS": {
      "file": "ion-back-button__entry-6I4JTPJS.js"
    },
    "ion-accordion_2.entry-TYEV6GU5": {
      "file": "ion-accordion_2__entry-TYEV6GU5.js"
    },
    "chunk-VZVUU2IO": {
      "file": "chunk-VZVUU2IO.js"
    },
    "index-CfgBF1SE-77GXZTEO": {
      "file": "index-CfgBF1SE-77GXZTEO.js"
    },
    "hardware-back-button-DcH0BbDp-Y3AF73ZX": {
      "file": "hardware-back-button-DcH0BbDp-Y3AF73ZX.js"
    },
    "ion-action-sheet.entry-EEUDVXIJ": {
      "file": "ion-action-sheet__entry-EEUDVXIJ.js"
    },
    "ion-alert.entry-QD2F5S2D": {
      "file": "ion-alert__entry-QD2F5S2D.js"
    },
    "chunk-EQUJQ6CE": {
      "file": "chunk-EQUJQ6CE.js"
    },
    "chunk-32GL4UXS": {
      "file": "chunk-32GL4UXS.js"
    },
    "chunk-4ITWKZRL": {
      "file": "chunk-4ITWKZRL.js"
    },
    "chunk-KH3VUFSP": {
      "file": "chunk-KH3VUFSP.js"
    },
    "ios.transition-BmXtMRXZ-S52QMV3N": {
      "file": "ios__transition-BmXtMRXZ-S52QMV3N.js"
    },
    "md.transition-CLI683c7-QLTOH6D2": {
      "file": "md__transition-CLI683c7-QLTOH6D2.js"
    },
    "index-CWbP1eJz-T36FF5YC": {
      "file": "index-CWbP1eJz-T36FF5YC.js"
    },
    "chunk-U7ZXFC7J": {
      "file": "chunk-U7ZXFC7J.js"
    },
    "chunk-34QX6F67": {
      "file": "chunk-34QX6F67.js"
    },
    "chunk-NAEGZX3Z": {
      "file": "chunk-NAEGZX3Z.js"
    },
    "chunk-BNCELMQ2": {
      "file": "chunk-BNCELMQ2.js"
    },
    "chunk-JR4PKYKV": {
      "file": "chunk-JR4PKYKV.js"
    },
    "chunk-3IIWSBSM": {
      "file": "chunk-3IIWSBSM.js"
    },
    "chunk-Z3OEOVFM": {
      "file": "chunk-Z3OEOVFM.js"
    },
    "chunk-QA2SYHF5": {
      "file": "chunk-QA2SYHF5.js"
    },
    "chunk-PTJ2I6FJ": {
      "file": "chunk-PTJ2I6FJ.js"
    },
    "chunk-J7KKY3NR": {
      "file": "chunk-J7KKY3NR.js"
    },
    "chunk-574CZGED": {
      "file": "chunk-574CZGED.js"
    },
    "chunk-SPH5JG36": {
      "file": "chunk-SPH5JG36.js"
    },
    "chunk-MJCG45LB": {
      "file": "chunk-MJCG45LB.js"
    },
    "chunk-ZML5HJVU": {
      "file": "chunk-ZML5HJVU.js"
    },
    "chunk-LCMILTBF": {
      "file": "chunk-LCMILTBF.js"
    },
    "chunk-PYMS4KZP": {
      "file": "chunk-PYMS4KZP.js"
    },
    "chunk-JNIBQ7MD": {
      "file": "chunk-JNIBQ7MD.js"
    },
    "chunk-L6ISKHKK": {
      "file": "chunk-L6ISKHKK.js"
    },
    "chunk-IUXA2G6D": {
      "file": "chunk-IUXA2G6D.js"
    },
    "chunk-G5UZVNUA": {
      "file": "chunk-G5UZVNUA.js"
    },
    "chunk-IKS2SDKY": {
      "file": "chunk-IKS2SDKY.js"
    },
    "chunk-BPYCG3N5": {
      "file": "chunk-BPYCG3N5.js"
    },
    "chunk-5QDVI5VJ": {
      "file": "chunk-5QDVI5VJ.js"
    },
    "ios.transition-RQD54FYR": {
      "file": "ios__transition-RQD54FYR.js"
    },
    "chunk-MPXFIBHU": {
      "file": "chunk-MPXFIBHU.js"
    },
    "md.transition-5SNHPGI5": {
      "file": "md__transition-5SNHPGI5.js"
    },
    "chunk-IPTR3YW2": {
      "file": "chunk-IPTR3YW2.js"
    },
    "chunk-AMQ7JCJH": {
      "file": "chunk-AMQ7JCJH.js"
    },
    "chunk-PTPDLKBQ": {
      "file": "chunk-PTPDLKBQ.js"
    },
    "chunk-4554YRK6": {
      "file": "chunk-4554YRK6.js"
    },
    "index3-FCQ7CG66": {
      "file": "index3-FCQ7CG66.js"
    },
    "chunk-6U2AQA2C": {
      "file": "chunk-6U2AQA2C.js"
    },
    "hardware-back-button-KI3MK63N": {
      "file": "hardware-back-button-KI3MK63N.js"
    },
    "chunk-FRNN7H7I": {
      "file": "chunk-FRNN7H7I.js"
    },
    "chunk-2H3NLAAY": {
      "file": "chunk-2H3NLAAY.js"
    },
    "chunk-QEE7QVES": {
      "file": "chunk-QEE7QVES.js"
    },
    "chunk-QBEIVM62": {
      "file": "chunk-QBEIVM62.js"
    },
    "chunk-MNLN7JSP": {
      "file": "chunk-MNLN7JSP.js"
    },
    "chunk-RSDQZKBH": {
      "file": "chunk-RSDQZKBH.js"
    },
    "chunk-BK54FQNI": {
      "file": "chunk-BK54FQNI.js"
    },
    "chunk-VE6AJ6T4": {
      "file": "chunk-VE6AJ6T4.js"
    },
    "chunk-DKVYQF3J": {
      "file": "chunk-DKVYQF3J.js"
    },
    "chunk-ELSPHFJH": {
      "file": "chunk-ELSPHFJH.js"
    },
    "chunk-WPBCUSM4": {
      "file": "chunk-WPBCUSM4.js"
    },
    "chunk-BBC5QSU6": {
      "file": "chunk-BBC5QSU6.js"
    },
    "chunk-EGSMBJJY": {
      "file": "chunk-EGSMBJJY.js"
    }
  }
}